<ActionStruct xmlns:xsi="http://www.w3.org/2001/XMLSchema-instance" xmlns:xsd="http://www.w3.org/2001/XMLSchema"><Steps><StepStruct><ID>1</ID><VBScript>Browser("Google").Page("Google").Sync </VBScript><HighlightID/><Snapshot/></StepStruct><StepStruct><ID>2</ID><VBScript>Browser("Google").Navigate Parameter("url")</VBScript><HighlightID>394600</HighlightID><Snapshot>.\Snapshots\ssf1.png</Snapshot></StepStruct><StepStruct><ID>3</ID><VBScript>Browser("Google").Page("Advantage Shopping").Link("UserMenu").Click </VBScript><HighlightID>10000000</HighlightID><Snapshot>.\Snapshots\ssf2.html</Snapshot></StepStruct><StepStruct><ID>4</ID><VBScript>Browser("Google").Page("Advantage Shopping").WebEdit("username").Set Parameter("username")</VBScript><HighlightID>10000000</HighlightID><Snapshot>.\Snapshots\ssf3.html</Snapshot></StepStruct><StepStruct><ID>5</ID><VBScript>Browser("Google").Page("Advantage Shopping").WebEdit("password").SetSecure Parameter("password")</VBScript><HighlightID>10000000</HighlightID><Snapshot>.\Snapshots\ssf4.html</Snapshot></StepStruct><StepStruct><ID>6</ID><VBScript>Browser("Google").Page("Advantage Shopping").WebButton("sign_in_btnundefined").Click </VBScript><HighlightID>10000000</HighlightID><Snapshot>.\Snapshots\ssf5.html</Snapshot></StepStruct><StepStruct><ID>7</ID><VBScript>Browser("Google").Page("Advantage Shopping").Link("TABLETS").Click </VBScript><HighlightID>10000000</HighlightID><Snapshot>.\Snapshots\ssf6.html</Snapshot></StepStruct><StepStruct><ID>8</ID><VBScript>Browser("Google").Page("Advantage Shopping").WebElement("HP Elite x2 1011 G1 Tablet").Click </VBScript><HighlightID>10000000</HighlightID><Snapshot>.\Snapshots\ssf7.html</Snapshot></StepStruct><StepStruct><ID>9</ID><VBScript>Browser("Google").Page("Advantage Shopping").WebButton("save_to_cart").Click </VBScript><HighlightID>10000000</HighlightID><Snapshot>.\Snapshots\ssf8.html</Snapshot></StepStruct><StepStruct><ID>10</ID><VBScript>Browser("Google").Page("Advantage Shopping").WebButton("check_out_btn").Click </VBScript><HighlightID>10000000</HighlightID><Snapshot>.\Snapshots\ssf9.html</Snapshot></StepStruct><StepStruct><ID>11</ID><VBScript>Browser("Google").Page("Advantage Shopping").WebButton("next_btn").Click </VBScript><HighlightID>10000000</HighlightID><Snapshot>.\Snapshots\ssf10.html</Snapshot></StepStruct><StepStruct><ID>12</ID><VBScript>Browser("Google").Page("Advantage Shopping").WebElement("SafePay username").Click </VBScript><HighlightID>10000000</HighlightID><Snapshot>.\Snapshots\ssf11.html</Snapshot></StepStruct><StepStruct><ID>13</ID><VBScript>Browser("Google").Page("Advantage Shopping").WebEdit("safepay_username").Set Parameter("username")</VBScript><HighlightID>10000000</HighlightID><Snapshot>.\Snapshots\ssf12.html</Snapshot></StepStruct><StepStruct><ID>14</ID><VBScript>Browser("Google").Page("Advantage Shopping").WebEdit("safepay_password").SetSecure Parameter("password")</VBScript><HighlightID>10000000</HighlightID><Snapshot>.\Snapshots\ssf13.html</Snapshot></StepStruct><StepStruct><ID>15</ID><VBScript>Browser("Google").Page("Advantage Shopping").WebCheckBox("save_safepay").Set "OFF"</VBScript><HighlightID>10000000</HighlightID><Snapshot>.\Snapshots\ssf14.html</Snapshot></StepStruct><StepStruct><ID>16</ID><VBScript>Browser("Google").Page("Advantage Shopping").WebButton("pay_now_btn_SAFEPAY").Click </VBScript><HighlightID>10000000</HighlightID><Snapshot>.\Snapshots\ssf15.html</Snapshot></StepStruct><StepStruct><ID>17</ID><VBScript>Browser("Google").Page("Advantage Shopping").WebElement("$1,279.00").Output CheckPoint("price")</VBScript><HighlightID/><Snapshot/></StepStruct><StepStruct><ID>18</ID><VBScript>Browser("Google").Page("Advantage Shopping").Link("UserMenu_2").Click </VBScript><HighlightID>10000000</HighlightID><Snapshot>.\Snapshots\ssf16.html</Snapshot></StepStruct><StepStruct><ID>19</ID><VBScript>Browser("Google").Page("Advantage Shopping").Link("Sign out").Click </VBScript><HighlightID>10000000</HighlightID><Snapshot>.\Snapshots\ssf17.html</Snapshot></StepStruct></Steps><Parameters><ParamStruct><Name>url</Name><Direction>Input</Direction><Type>String</Type><DefaultValueString>http://rpa.mf-te.com:8080</DefaultValueString></ParamStruct><ParamStruct><Name>username</Name><Direction>Input</Direction><Type>String</Type><DefaultValueString>mok.pui</DefaultValueString></ParamStruct><ParamStruct><Name>password</Name><Direction>Input</Direction><Type>Encrypted</Type><DefaultValueString>{OBFUSCATED}PjpWHZQIdV2nK+fjt3L4bg==</DefaultValueString></ParamStruct><ParamStruct><Name>catalog</Name><Direction>Input</Direction><Type>String</Type><DefaultValueString>{ENCRYPTED}D+YtyRtA/Vdyzd5+MPvkPg==</DefaultValueString></ParamStruct><ParamStruct><Name>item</Name><Direction>Input</Direction><Type>String</Type><DefaultValueString>{ENCRYPTED}zE9yHi+mFXnr9jrJRZ8eHgwhi+ZU6NCaFjTtgCU+RNc=</DefaultValueString></ParamStruct><ParamStruct><Name>price</Name><Direction>Output</Direction><Type>String</Type><DefaultValueString>{ENCRYPTED}3FUDjBVHXZMjw8ja2aIXtw==</DefaultValueString></ParamStruct></Parameters></ActionStruct>