<ActionStruct xmlns:xsi="http://www.w3.org/2001/XMLSchema-instance" xmlns:xsd="http://www.w3.org/2001/XMLSchema"><Steps/><Parameters><ParamStruct><Name>url</Name><Direction>Input</Direction><Type>String</Type><DefaultValueString/></ParamStruct><ParamStruct><Name>username</Name><Direction>Input</Direction><Type>String</Type><DefaultValueString/></ParamStruct><ParamStruct><Name>password</Name><Direction>Input</Direction><Type>String</Type><DefaultValueString/></ParamStruct><ParamStruct><Name>catalog</Name><Direction>Input</Direction><Type>String</Type><DefaultValueString/></ParamStruct><ParamStruct><Name>item</Name><Direction>Input</Direction><Type>String</Type><DefaultValueString/></ParamStruct><ParamStruct><Name>price</Name><Direction>Output</Direction><Type>String</Type><DefaultValueString>${price}</DefaultValueString></ParamStruct></Parameters></ActionStruct>