<ActionStruct xmlns:xsi="http://www.w3.org/2001/XMLSchema-instance" xmlns:xsd="http://www.w3.org/2001/XMLSchema"><Steps/><Parameters><ParamStruct><Name>host</Name><Direction>Input</Direction><Type>String</Type><DefaultValueString>10.0.46.29</DefaultValueString></ParamStruct><ParamStruct><Name>user</Name><Direction>Input</Direction><Type>String</Type><DefaultValueString>pepan6</DefaultValueString></ParamStruct><ParamStruct><Name>password</Name><Direction>Input</Direction><Type>String</Type><DefaultValueString>Cloud_123</DefaultValueString></ParamStruct><ParamStruct><Name>catalog</Name><Direction>Input</Direction><Type>String</Type><DefaultValueString>TABLETS</DefaultValueString></ParamStruct><ParamStruct><Name>item</Name><Direction>Input</Direction><Type>String</Type><DefaultValueString>HP ELITE X2 1011 G1 TABLET</DefaultValueString></ParamStruct><ParamStruct><Name>total_price</Name><Direction>Output</Direction><Type>String</Type><DefaultValueString>${total_price}</DefaultValueString></ParamStruct></Parameters></ActionStruct>